id,url,raw_text,username,datetime_tweet,to,mentions,hashtags,retweets,favorites,geo,label,clean_text
1274127642556416000,https://twitter.com/msaagmd/status/1274127642556416000,The rate of new #COVID cases in Oklahoma is 100 /M. This means there is 1 new case per 10000. If 20000 attend an indoor rally at least 2 attendees will be infected and not know it. If no masks a minimum of 30 - 40 others (or more) will become infected at the event #WearAMask,msaagmd,2020-06-19 23:51:16+00:00,,,#COVID #WearAMask,19,62,,pos,the rate of new #covid cases in oklahoma is 100 /m. this means there is 1 new case per 10000. if 20000 attend an indoor rally at least 2 attendees will be infected and not know it. if no masks a minimum of 30 - 40 others (or more) will become infected at the event  
1274124063720554496,https://twitter.com/AlyssaM_InfoSec/status/1274124063720554496,RT'ing cuz a lot of folks have asked where I got the mask. @lumencouture https://lumen-couture.myshopify.com/collections/all?page=2 #BlackLivesMatter #Pride #WearAMask ,AlyssaM_InfoSec,2020-06-19 23:37:03+00:00,AlyssaM_InfoSec,@lumencouture,#BlackLivesMatter #BlackLivesMatter #Pride #WearAMask,28,86,,pos,rt'ing cuz a lot of folks have asked where i got the mask. @lumencouture https://lumen-couture.myshopify.com/collections/all?page=2 #blacklivesmatter #pride   
1274121674984742920,https://twitter.com/JudgeClayJ/status/1274121674984742920,Please begin wearing your mask now to businesses and when around other people when you cannot maintain six foot distancing. It’s up to all of us to #FlattenTheCurve and the best way to do that is #StaySafeStayHome and #WearAMask.,JudgeClayJ,2020-06-19 23:27:34+00:00,,,#FlattenTheCurve #StaySafeStayHome #WearAMask,34,255,,pos,please begin wearing your mask now to businesses and when around other people when you cannot maintain six foot distancing. it’s up to all of us to #flattenthecurve and the best way to do that is #staysafestayhome and  .
1274121167239106567,https://twitter.com/BiCraftsman/status/1274121167239106567,I noticed that #COVIDIOTS is trending and it made me wonder how new cases are tracking by political party. So I made this chart. Coincidence? #WearAMask #COVID19,BiCraftsman,2020-06-19 23:25:32+00:00,,,#COVIDIOTS #WearAMask #COVID19,49,103,,pos,i noticed that #covidiots is trending and it made me wonder how new cases are tracking by political party. so i made this chart. coincidence?   #covid19
1274121100990001153,https://twitter.com/Cjbaum0317/status/1274121100990001153,How selfish does a person have to be to refuse to wear a mask in a crowded arena with 20000 screaming people in one of the highest COVID19 rate cities and then go home to her 7 MONTH OLD daughter?? @PressSec #WearAMask ,Cjbaum0317,2020-06-19 23:25:17+00:00,,@PressSec,#WearAMask,210,711,,pos,how selfish does a person have to be to refuse to wear a mask in a crowded arena with 20000 screaming people in one of the highest covid19 rate cities and then go home to her 7 month old daughter?? @presssec   
1274116522324029440,https://twitter.com/robertmanion/status/1274116522324029440,#WearAMask I empathize with those who can’t wear them for extended periods - whether for physical or psychological reasons - but be responsible and save lives. Don’t be embarrassed to excuse yourself go outside take it off away from people for a couple of minutes then return!,robertmanion,2020-06-19 23:07:05+00:00,,,#WearAMask,88,1227,,pos,  i empathize with those who can’t wear them for extended periods - whether for physical or psychological reasons - but be responsible and save lives. don’t be embarrassed to excuse yourself go outside take it off away from people for a couple of minutes then return!
1274115074089771010,https://twitter.com/DebbieDoesTwitt/status/1274115074089771010,I have 54 Moms & Dads in my facility. The 1 down the street has 152. The one down the street from that has 210. & the next... This is never going to end. Why can't you #WearAMask for these people? Just for even 1 of them let alone the millions in facilities living &amp; dying alone ,DebbieDoesTwitt,2020-06-19 23:01:20+00:00,RexChapman,,#WearAMask,51,104,,pos,i have 54 moms & dads in my facility. the 1 down the street has 152. the one down the street from that has 210. & the next... this is never going to end. why can't you   for these people? just for even 1 of them let alone the millions in facilities living &amp; dying alone 
1274113492472258568,https://twitter.com/alison__wright/status/1274113492472258568,Totally agree . It’s the least we can do to help the doctors & nurses losing their lives fighting this very real disease. #WearAMask ,alison__wright,2020-06-19 22:55:03+00:00,TheScottCharles,,#WearAMask,15,96,,pos,totally agree . it’s the least we can do to help the doctors & nurses losing their lives fighting this very real disease.   
1274109045704740865,https://twitter.com/DrDenaGrayson/status/1274109045704740865, #Arizona reports 3246 new #coronavirus cases shattering its prior single-day record of 2519 cases set *just yesterday*. @GOP Gov. Ducey still REFUSES to impose mandatory wearing of #masks statewide. #COVID19 #WearAMask ,DrDenaGrayson,2020-06-19 22:37:22+00:00,,@GOP,#Arizona #coronavirus #masks #COVID19 #WearAMask,127,216,,pos, #arizona reports 3246 new #coronavirus cases shattering its prior single-day record of 2519 cases set *just yesterday*. @gop gov. ducey still refuses to impose mandatory wearing of #masks statewide. #covid19   
1274101902603546624,https://twitter.com/DrPanMD/status/1274101902603546624,Anti-vax extremist leader Del Bigtree spews hate at #COVID19 victims including more than 120000 Americans who died. He wants to Americans to be infected by #coronavirus and blame them if they die. #StopAntiVaxViolence #WearAMask #FlattenTheCurve #PublicHealth,DrPanMD,2020-06-19 22:08:59+00:00,thereal_truther,,#COVID19 #coronavirus #StopAntiVaxViolence #WearAMask #FlattenTheCurve #PublicHealth,26,86,,pos,anti-vax extremist leader del bigtree spews hate at #covid19 victims including more than 120000 americans who died. he wants to americans to be infected by #coronavirus and blame them if they die. #stopantivaxviolence   #flattenthecurve #publichealth
1274089168357019650,https://twitter.com/morethanmySLE/status/1274089168357019650,Natasha and I want to wish you a peaceful Friday and a healthy weekend. Please protect your own health and #WearAMask ,morethanmySLE,2020-06-19 21:18:23+00:00,,,#WearAMask,101,675,,pos,natasha and i want to wish you a peaceful friday and a healthy weekend. please protect your own health and   
1274083947576725504,https://twitter.com/ConnieSchultz/status/1274083947576725504,Speak out. #WearAMask ,ConnieSchultz,2020-06-19 20:57:39+00:00,brianstelter,,#WearAMask,49,425,,pos,speak out.   
1274080545752985602,https://twitter.com/cassandra17lina/status/1274080545752985602,If you’re rejoicing at the prospect of #Trump #MAGA supporters catching #COVID19 at tomorrow’s #coronapalooza #TrumpTulsaRally remember: these folks will infect thousands of other people - including folks like YOU - in the coming weeks. #StayHome #WearAMask #ListenToTheExperts,cassandra17lina,2020-06-19 20:44:08+00:00,,,#Trump #MAGA #COVID19 #coronapalooza #TrumpTulsaRally #StayHome #StayHome #WearAMask #ListenToTheExperts,102,281,,pos,if you’re rejoicing at the prospect of #trump #maga supporters catching #covid19 at tomorrow’s #coronapalooza #trumptulsarally remember: these folks will infect thousands of other people - including folks like you - in the coming weeks. #stayhome   #listentotheexperts
1274078910586724354,https://twitter.com/balleralert/status/1274078910586724354,This is so ridiculous #wearamask ,balleralert,2020-06-19 20:37:38+00:00,,,#wearamask,93,223,,pos,this is so ridiculous   
1274078824515469313,https://twitter.com/HowardBeck/status/1274078824515469313,"Hmmm do I put my trust in epidemiologists and infectious-disease experts...or the rando conspiracy-theorist YouTuber promoted by John ""Spider"" Salley? It's a tough call. #WearAMask ",HowardBeck,2020-06-19 20:37:17+00:00,thejohnsalley,,#WearAMask,15,237,,pos,"hmmm do i put my trust in epidemiologists and infectious-disease experts...or the rando conspiracy-theorist youtuber promoted by john ""spider"" salley? it's a tough call.   "
1274076159383351297,https://twitter.com/jilliancyork/status/1274076159383351297,Look kids SCIENCE! #WearAMask ,jilliancyork,2020-06-19 20:26:42+00:00,jeremyphoward,,#WearAMask,34,64,,pos,look kids science!   
1274075304198275073,https://twitter.com/mlramsdale_law/status/1274075304198275073,1081 cases with over 16 percent positive tests in S.C. today. Not one word from @henrymcmaster on yet another record number day with 18 deaths. Abysmal leadership failure. #whereishenry #WearAMask ,mlramsdale_law,2020-06-19 20:23:18+00:00,,@henrymcmaster,#whereishenry #WearAMask,44,130,,pos,1081 cases with over 16 percent positive tests in s.c. today. not one word from @henrymcmaster on yet another record number day with 18 deaths. abysmal leadership failure. #whereishenry   
1274065770721533952,https://twitter.com/JohnLegere/status/1274065770721533952,I really missed NYC... it’s different and still “closed” but I still like to walk here....but you MUST wear a and everyone is... I’m proud of NY’ers who are doing it right!.... so where ever you are show some leadership and #WearAMask ! ,JohnLegere,2020-06-19 19:45:25+00:00,,,#WearAMask,98,1158,,pos,i really missed nyc... it’s different and still “closed” but i still like to walk here....but you must wear a and everyone is... i’m proud of ny’ers who are doing it right!.... so where ever you are show some leadership and   ! 
1274063567365472256,https://twitter.com/WYPHorses/status/1274063567365472256,Ph Coley ready for training wearing her PPE #StaySafe #WearAMask ,WYPHorses,2020-06-19 19:36:40+00:00,,,#StaySafe #WearAMask,69,664,,pos,ph coley ready for training wearing her ppe #staysafe   
1274036786768089088,https://twitter.com/lipiroy/status/1274036786768089088,Coronavirus symptoms can linger for months. My latest in @Forbes -- https://www.forbes.com/sites/lipiroy/2020/06/19/not-just-an-acute-infection-the-prolonged-onslaught-of-coronavirus/#3e7f4f681422 Thank you Drs. Divya Bappanad and @geeta_karnik for your expertise #COVID19 #pandemic #chronicillness #fatigue #lethargy #fevers #headaches #publichealth #WearAMask ,lipiroy,2020-06-19 17:50:15+00:00,,@Forbes @geeta_karnik,#COVID19 #pandemic #chronicillness #fatigue #lethargy #fevers #headaches #publichealth #WearAMask,196,252,,pos,coronavirus symptoms can linger for months. my latest in @forbes -- https://www.forbes.com/sites/lipiroy/2020/06/19/not-just-an-acute-infection-the-prolonged-onslaught-of-coronavirus/#3e7f4f681422 thank you drs. divya bappanad and @geeta_karnik for your expertise #covid19 #pandemic #chronicillness #fatigue #lethargy #fevers #headaches #publichealth   
1274117372102705152,https://twitter.com/9mmballpoint/status/1274117372102705152,Stay safe comrades. It's a two-front war. #WearAMask #coronavirus #protests2020 http://9mmballpoint.blogspot.com/2020/06/opsec.html,9mmballpoint,2020-06-19 23:10:28+00:00,,,#WearAMask #coronavirus #protests2020,13,41,,pos,stay safe comrades. it's a two-front war.   #coronavirus #protests2020 http://9mmballpoint.blogspot.com/2020/06/opsec.html
1274116285543088128,https://twitter.com/jesch30/status/1274116285543088128,Um. My #COVID19 illustrations landed in the @iDesignAwards Top 10?! Thrilled to be included with these other great resources! https://bit.ly/37Jc9BW #opensafely #slowthespread #wearamask #stayhome // Free downloads at http://shinebolt.com.,jesch30,2020-06-19 23:06:09+00:00,,@iDesignAwards,#COVID19 #opensafely #slowthespread #wearamask #stayhome #stayhome,3,37,,pos,um. my #covid19 illustrations landed in the @idesignawards top 10?! thrilled to be included with these other great resources! https://bit.ly/37jc9bw #opensafely #slowthespread   #stayhome // free downloads at http://shinebolt.com.
1274110166032678913,https://twitter.com/Yerkes4Congress/status/1274110166032678913,Dear #Illinois #IL03 #IL06 #IL14 Voters #IfTheyCanRiotWeCanRally to #MakeAmericaGreatAgain #Tulsa Please #WearAMask #TheTruth is #PollsTheseDays are #BiasedLeft and #UnReliable #ProtestAgainstSocialismAndCommunism #GodBlessPresidentTrump ⁦@POTUS⁩ #MAGA ,Yerkes4Congress,2020-06-19 22:41:50+00:00,,@POTUS,#Illinois #IL03 #IL06 #IL14 #IfTheyCanRiotWeCanRally #MakeAmericaGreatAgain #Tulsa #WearAMask #TheTruth #PollsTheseDays #BiasedLeft #UnReliable #ProtestAgainstSocialismAndCommunism #GodBlessPresidentTrump #MAGA,9,13,,pos,dear #illinois #il03 #il06 #il14 voters #iftheycanriotwecanrally to #makeamericagreatagain #tulsa please   #thetruth is #pollsthesedays are #biasedleft and #unreliable #protestagainstsocialismandcommunism #godblesspresidenttrump ⁦@potus⁩ #maga 
1274109895072243718,https://twitter.com/MontyBoa99/status/1274109895072243718,Are those Hispanic workers violating his mandatory #WearAMask order? He doesn't have one. Are they violating his #StayHome order? He doesn't have one. Are they concealing the outbreaks? Nope. That's him. I think we all know where the problem is.,MontyBoa99,2020-06-19 22:40:45+00:00,,,#WearAMask #StayHome #StayHome,17,25,,pos,are those hispanic workers violating his mandatory   order? he doesn't have one. are they violating his #stayhome order? he doesn't have one. are they concealing the outbreaks? nope. that's him. i think we all know where the problem is.
1274107489433169921,https://twitter.com/deheez/status/1274107489433169921,Wear one. #WearAMask #Covid_19,deheez,2020-06-19 22:31:11+00:00,,,#WearAMask #Covid_19,22,81,,pos,wear one.   #covid_19
1274104877464027137,https://twitter.com/ElleMcElle/status/1274104877464027137,Turns out men are less likely than women to wear a mask. Men. You big men with big faces and powerful sneezes and open coughs. You big men who’d take a bullet for your family. Don’t be the bullet. Wear a fucking mask. FFS #wearAMask,ElleMcElle,2020-06-19 22:20:49+00:00,,,#wearAMask,4,35,,pos,turns out men are less likely than women to wear a mask. men. you big men with big faces and powerful sneezes and open coughs. you big men who’d take a bullet for your family. don’t be the bullet. wear a fucking mask. ffs  
1274104607191465985,https://twitter.com/jamiegangel/status/1274104607191465985,One of the many reasons my family loves @hwinkler4real #WearAMask ,jamiegangel,2020-06-19 22:19:44+00:00,hwinkler4real,@hwinkler4real,#WearAMask,11,74,,pos,one of the many reasons my family loves @hwinkler4real   
1274103929274372096,https://twitter.com/DrPanMD/status/1274103929274372096,Black Americans are dying of #COVID-19 at 3.6x the rate of whites &amp; Latinos are dying at 2.5x the rate. But Bigtree says it’s their own fault. Anti-vaxxers demand the privilege of getting Americans sick. #BlackLivesMatter #EndRacismNow #WearAMask ,DrPanMD,2020-06-19 22:17:03+00:00,,,#COVID #BlackLivesMatter #BlackLivesMatter #EndRacismNow #WearAMask,9,31,,pos,black americans are dying of #covid-19 at 3.6x the rate of whites &amp; latinos are dying at 2.5x the rate. but bigtree says it’s their own fault. anti-vaxxers demand the privilege of getting americans sick. #blacklivesmatter #endracismnow   
1274102047898570752,https://twitter.com/A4Ny14/status/1274102047898570752,SHARING THIS INFO I JUST RECEIVED FROM A FRIEND: #TulsaSitIn * #TulsaProtest * #PeacefulProtest #BlackLivesMatter * #NotOneMore #GeorgeFloyd * #BreonnaTayor * #RayshardBrooks #JUNETEENTH * #Tulsa * #WearAMask RETWEET &amp; SPREAD THE WORD: All protesters please wear a mask! ,A4Ny14,2020-06-19 22:09:34+00:00,,,#TulsaSitIn #TulsaProtest #PeacefulProtest #BlackLivesMatter #BlackLivesMatter #NotOneMore #NotOneMore #GeorgeFloyd #BreonnaTayor #RayshardBrooks #JUNETEENTH #Tulsa #WearAMask,22,28,,pos,sharing this info i just received from a friend: #tulsasitin * #tulsaprotest * #peacefulprotest #blacklivesmatter * #notonemore #georgefloyd * #breonnatayor * #rayshardbrooks #juneteenth * #tulsa *   retweet &amp; spread the word: all protesters please wear a mask! 
1274091590387208196,https://twitter.com/rob0349/status/1274091590387208196,@PressSec said she would NOT be wearing a mask at Trump's Tulsa rally tomorrow because it's a 'personal choice' we KNOW Trump won't wear one what are the odds that the majority of the attendees won't #WearAMask ? This is beyond irresponsible! #WeMustDoBetter #VoteBlue,rob0349,2020-06-19 21:28:01+00:00,,@PressSec,#WearAMask #WeMustDoBetter #VoteBlue,18,41,,pos,@presssec said she would not be wearing a mask at trump's tulsa rally tomorrow because it's a 'personal choice' we know trump won't wear one what are the odds that the majority of the attendees won't   ? this is beyond irresponsible! #wemustdobetter #voteblue
1274089468904038406,https://twitter.com/GregFordNC/status/1274089468904038406,A good call and I believe history will prove the *right* call. Thank you #Raleigh Mayor @maryannbaldwin and @RaleighGov Council members for mandating what @CDCgov says we should all be doing to protect each other. #WearAMask #ralpol #wakepol #ncpol @ncdhhs – at Wake County Justice Center,GregFordNC,2020-06-19 21:19:35+00:00,WakeGOV,@maryannbaldwin @RaleighGov @CDCgov @ncdhhs,#Raleigh #WearAMask #ralpol #wakepol #ncpol,3,35,,pos,a good call and i believe history will prove the *right* call. thank you #raleigh mayor @maryannbaldwin and @raleighgov council members for mandating what @cdcgov says we should all be doing to protect each other.   #ralpol #wakepol #ncpol @ncdhhs – at wake county justice center
1274081857508966401,https://twitter.com/thewebbix/status/1274081857508966401,A video (from my city government @lakelandgov ) has the right message. That scenario is most likely the opposite of actual mask wearing. Sadly the city doesn’t mandate mask usage. #COVID19 Still worth sharing. Hope that some of ‘those people’ will start to #WearAMask. ,thewebbix,2020-06-19 20:49:20+00:00,,@lakelandgov,#COVID19 #WearAMask,21,27,,pos,a video (from my city government @lakelandgov ) has the right message. that scenario is most likely the opposite of actual mask wearing. sadly the city doesn’t mandate mask usage. #covid19 still worth sharing. hope that some of ‘those people’ will start to  . 
1274068138338865152,https://twitter.com/dangermarin/status/1274068138338865152,Fuck Donald Trump for making the mask a political thing. #WearAMask it’s not politics it’s science.,dangermarin,2020-06-19 19:54:49+00:00,,,#WearAMask,10,64,,pos,fuck donald trump for making the mask a political thing.   it’s not politics it’s science.
1274067276682141697,https://twitter.com/LeilaniMunter/status/1274067276682141697,The First Wave Continues: Novel coronavirus hospitalizations are increasing in 17 states deaths are increasing in 13 states. #WearAMask ,LeilaniMunter,2020-06-19 19:51:24+00:00,,,#WearAMask,13,20,,pos,the first wave continues: novel coronavirus hospitalizations are increasing in 17 states deaths are increasing in 13 states.   
1274056173793271811,https://twitter.com/Wizdomisms/status/1274056173793271811,Just a friendly public health reminder. We haven't flattened the curve. #WearAMask #Covid_19 is still rampant in these #JuneteenthDay streets .,Wizdomisms,2020-06-19 19:07:17+00:00,,,#WearAMask #Covid_19 #JuneteenthDay,9,57,,pos,just a friendly public health reminder. we haven't flattened the curve.   #covid_19 is still rampant in these #juneteenthday streets .
1274042581765283849,https://twitter.com/desmarais_l/status/1274042581765283849,I wear a mask. Why? Because I love my children more than anyone or anything. I will do this to protect them. I sincerely hope that @PressSec self quarantines after the rally to protect her loved ones. This is not a political choice. It's just common sense. #WearAMask,desmarais_l,2020-06-19 18:13:16+00:00,markknoller,@PressSec,#WearAMask,8,61,,pos,i wear a mask. why? because i love my children more than anyone or anything. i will do this to protect them. i sincerely hope that @presssec self quarantines after the rally to protect her loved ones. this is not a political choice. it's just common sense.  
1274040200633610243,https://twitter.com/stateoflynn/status/1274040200633610243,Mask making day #takeamask #wearamask #flagstaff #az,stateoflynn,2020-06-19 18:03:49+00:00,,,#takeamask #wearamask #flagstaff #az,2,44,,pos,mask making day #takeamask   #flagstaff #az
1274039858621751296,https://twitter.com/ann_neona/status/1274039858621751296,Thank you @thisdiegolopez #StopTheSpread #WearAMask #COVID19,ann_neona,2020-06-19 18:02:27+00:00,thisdiegolopez,@thisdiegolopez,#StopTheSpread #WearAMask #COVID19,9,13,,pos,thank you @thisdiegolopez #stopthespread   #covid19
1274034815575130114,https://twitter.com/MisterHoonLee/status/1274034815575130114,35 years old. What a loss. #WearAMask #Covid19 Field Museum scientist and ‘inspiration’ Lynika Strozier 35 dies from coronavirus,MisterHoonLee,2020-06-19 17:42:25+00:00,,,#WearAMask #Covid19,7,21,,pos,35 years old. what a loss.   #covid19 field museum scientist and ‘inspiration’ lynika strozier 35 dies from coronavirus
1274033126918979584,https://twitter.com/morethanmySLE/status/1274033126918979584,EVERY State! #WearAMask ,morethanmySLE,2020-06-19 17:35:42+00:00,funder,,#WearAMask,45,161,,pos,every state!   
1274025429330952192,https://twitter.com/PatriotsGirlUSA/status/1274025429330952192,Bravo to Dallas County Texas for mandating everyone to wear masks in any business or else face a $500 fine. Florida are you listening!! Save Lives #WearAMask ,PatriotsGirlUSA,2020-06-19 17:05:07+00:00,funder,,#WearAMask,38,186,,pos,bravo to dallas county texas for mandating everyone to wear masks in any business or else face a $500 fine. florida are you listening!! save lives   
1274020284975198209,https://twitter.com/tedcoine/status/1274020284975198209,#WearAMask because you aren't stupid or selfish. ,tedcoine,2020-06-19 16:44:40+00:00,,,#WearAMask,26,27,,pos,  because you aren't stupid or selfish. 
1274019070510333952,https://twitter.com/googlipoo/status/1274019070510333952,At the time of a crisis that no one has seen before when the world was looking at New York as it hit an extream disaster one man's leadership brought us to where we are today. Nothing but gratitude for Governor Cuomo. #wearamask #NewYorkTough,googlipoo,2020-06-19 16:39:51+00:00,,,#wearamask #NewYorkTough,47,277,,pos,at the time of a crisis that no one has seen before when the world was looking at new york as it hit an extream disaster one man's leadership brought us to where we are today. nothing but gratitude for governor cuomo.   #newyorktough
1274015181631356929,https://twitter.com/cassandra17lina/status/1274015181631356929,#FlashbackFriday to wearing a full-face cartridge #respirator all day while investigating and cleaning up hazardous waste sites. #COVIDIOTS howling “tyranny” and “oppression” for being asked to #WearAMask for 15 minutes in an air-conditioned store? That don’t impress me much. ,cassandra17lina,2020-06-19 16:24:24+00:00,,,#FlashbackFriday #respirator #COVIDIOTS #WearAMask,21,78,,pos,#flashbackfriday to wearing a full-face cartridge #respirator all day while investigating and cleaning up hazardous waste sites. #covidiots howling “tyranny” and “oppression” for being asked to   for 15 minutes in an air-conditioned store? that don’t impress me much. 
1274009002477850626,https://twitter.com/AsemWORLD/status/1274009002477850626,Freestyle Friday S3 EP 6 NO NEIGHBORS ASEM #FreestyleFriday #Asem #AsemMusic #Weatherchannel #Ep #NewMusic #ComingSoon #Hiphop #Afrobeat #Nyc #London #Tokyo #Paris #Jburg #Accra #Lagos #BlackLivesMatter #JUNETEENTH2020 #JuneteenthDay #HappyJuneteenth #WearAMask ASEM ,AsemWORLD,2020-06-19 15:59:50+00:00,,,#FreestyleFriday #Asem #AsemMusic #Weatherchannel #Ep #NewMusic #ComingSoon #Hiphop #Afrobeat #Nyc #London #Tokyo #Paris #Jburg #Accra #Lagos #BlackLivesMatter #BlackLivesMatter #JUNETEENTH2020 #JuneteenthDay #HappyJuneteenth #WearAMask,33,187,,pos,freestyle friday s3 ep 6 no neighbors asem #freestylefriday #asem #asemmusic #weatherchannel #ep #newmusic #comingsoon #hiphop #afrobeat #nyc #london #tokyo #paris #jburg #accra #lagos #blacklivesmatter #juneteenth2020 #juneteenthday #happyjuneteenth   asem 
1274000973028118528,https://twitter.com/jadedcreative/status/1274000973028118528,It’s interesting because I remember people complaining about wearing seatbelts. And now it’s life saving and second nature. #WearAMask ,jadedcreative,2020-06-19 15:27:56+00:00,perlmutations,,#WearAMask,15,59,,pos,it’s interesting because i remember people complaining about wearing seatbelts. and now it’s life saving and second nature.   
1273996566831919105,https://twitter.com/Fyre_flye/status/1273996566831919105,You stop at red lights to protect yourself and others. Is that infringing on your freedom? WEAR A MASK!!! #WearAMask,Fyre_flye,2020-06-19 15:10:25+00:00,,,#WearAMask,201,807,,pos,you stop at red lights to protect yourself and others. is that infringing on your freedom? wear a mask!!!  
1273989652186185728,https://twitter.com/USAID_NISHTHA/status/1273989652186185728,Remember the #NewNormal COVID Appropriate Behaviours while stepping out to protect yourself and your loved ones! #WearAMask #SocialDistancing #BadalkarApnaVyavaharKareinCoronaParVaar @MoHFW_INDIA @usaid_india @Jhpiego @swatim80 @Anuradh83770718 @SrBachchan @BulbulSood,USAID_NISHTHA,2020-06-19 14:42:57+00:00,,@MoHFW_INDIA @usaid_india @Jhpiego @swatim80 @Anuradh83770718 @SrBachchan @BulbulSood,#NewNormal #WearAMask #SocialDistancing #BadalkarApnaVyavaharKareinCoronaParVaar,69,64,,pos,remember the #newnormal covid appropriate behaviours while stepping out to protect yourself and your loved ones!   #socialdistancing #badalkarapnavyavaharkareincoronaparvaar @mohfw_india @usaid_india @jhpiego @swatim80 @anuradh83770718 @srbachchan @bulbulsood
1273988951922167810,https://twitter.com/DeesaRoberts/status/1273988951922167810,Thought for today: It will not kill me to wear a mask. It might kill someone else if I do not wear a mask. #WearAMask #COVID19,DeesaRoberts,2020-06-19 14:40:10+00:00,,,#WearAMask #COVID19,12,72,,pos,thought for today: it will not kill me to wear a mask. it might kill someone else if i do not wear a mask.   #covid19
1273984010033733632,https://twitter.com/STrimel/status/1273984010033733632,Irresponsible governors reopening too soon and citizens who refuse to #WearAMask threaten the safety &amp; health of front line nurses &amp; doctors like Christina Santana in CA who risks her own life to save others. It’s selfish beyond belief. #COVIDIOTS,STrimel,2020-06-19 14:20:32+00:00,,,#WearAMask #COVIDIOTS,154,457,,pos,irresponsible governors reopening too soon and citizens who refuse to   threaten the safety &amp; health of front line nurses &amp; doctors like christina santana in ca who risks her own life to save others. it’s selfish beyond belief. #covidiots
1273982884089458688,https://twitter.com/ai6yrham/status/1273982884089458688,Good luck to my county. You're not going to see me any time soon as our hospitalizations and positive cases continue to rise. #wearamask ,ai6yrham,2020-06-19 14:16:03+00:00,KEYTNC3,,#wearamask,15,143,,pos,good luck to my county. you're not going to see me any time soon as our hospitalizations and positive cases continue to rise.   
1273981264878501888,https://twitter.com/LaughOutLander/status/1273981264878501888,Gotta say I hesitated posting this one. The mask-flack I get wearing mine to shop is astounding. Such a simple thing to do to help. Lovely to see so many of you can enjoy a tiny bit of humor in these scary times. #WearAMask ,LaughOutLander,2020-06-19 14:09:37+00:00,LaughOutLander,,#WearAMask,75,1195,,pos,gotta say i hesitated posting this one. the mask-flack i get wearing mine to shop is astounding. such a simple thing to do to help. lovely to see so many of you can enjoy a tiny bit of humor in these scary times.   
1273977711946534912,https://twitter.com/clemsonlady/status/1273977711946534912,I shared this photo a few weeks back... this is what everyone should be doing!!! #WearAMask ,clemsonlady,2020-06-19 13:55:30+00:00,,,#WearAMask,16,90,,pos,i shared this photo a few weeks back... this is what everyone should be doing!!!   
1273977275663421450,https://twitter.com/ThePlaylist/status/1273977275663421450,Maybe AMC Cinemark Regal et al. should play this before every movie begins. via @Brearliant #WearAMask ,ThePlaylist,2020-06-19 13:53:46+00:00,,@Brearliant,#WearAMask,55,89,,pos,maybe amc cinemark regal et al. should play this before every movie begins. via @brearliant   
1273953972815044608,https://twitter.com/JohnLukeNYC/status/1273953972815044608,Good Morning & #TGIF To All On This 67 Degrees Sunny Up To 78 Later Friday.Have A Safe &amp; Healthy Day &amp; Weekend Ahead! Stay Positive &amp; Keep Smiling-) #ThisTooShallPass #StayHealthy #StaySafe #WashYourHands #WearAMask #GodBless,JohnLukeNYC,2020-06-19 12:21:10+00:00,,,#TGIF #ThisTooShallPass #StayHealthy #StaySafe #WashYourHands #WashYourHands #WearAMask #GodBless,10,104,,pos,good morning & #tgif to all on this 67 degrees sunny up to 78 later friday.have a safe &amp; healthy day &amp; weekend ahead! stay positive &amp; keep smiling-) #thistooshallpass #stayhealthy #staysafe #washyourhands   #godbless
1273949335500267529,https://twitter.com/ElastigirlVotes/status/1273949335500267529,There were idiots refusing to #WearAMask in 1918 too. We should still #StayHomeSaveLives as much as possible. And please. Stay away from anti-science diseased movie theatres.,ElastigirlVotes,2020-06-19 12:02:45+00:00,,,#WearAMask #StayHomeSaveLives,68,102,,pos,there were idiots refusing to   in 1918 too. we should still #stayhomesavelives as much as possible. and please. stay away from anti-science diseased movie theatres.
1273939046209859584,https://twitter.com/LucySkinnyjeans/status/1273939046209859584,It’s #jellybellyfriday I hope you have a fantastic #Friday ! If you need me I’ll be napping right after breakfast and playtime remember to laugh &amp; smile #TabbyTroop #cats #CatsOfTwitter #WearAMask #FridayVibes #FridayMotivation #FridayFeeling #naptime,LucySkinnyjeans,2020-06-19 11:21:51+00:00,,,#jellybellyfriday #Friday #TabbyTroop #cats #CatsOfTwitter #WearAMask #FridayVibes #FridayMotivation #FridayFeeling #naptime,10,126,,pos,it’s #jellybellyfriday i hope you have a fantastic #friday ! if you need me i’ll be napping right after breakfast and playtime remember to laugh &amp; smile #tabbytroop #cats #catsoftwitter   #fridayvibes #fridaymotivation #fridayfeeling #naptime
1273926560366485504,https://twitter.com/dbloomy/status/1273926560366485504,Dear #stupid #selfish #stubborn #Murica - Here’s the subway in #HongKong 30 days since the last recorded infection. Not an unmasked face to be found. 1096 total infections/ 4 total deaths This is why. #COVID19 #WearAMask ,dbloomy,2020-06-19 10:32:15+00:00,,,#stupid #selfish #stubborn #Murica #HongKong #COVID19 #WearAMask,20,64,,pos,dear #stupid #selfish #stubborn #murica - here’s the subway in #hongkong 30 days since the last recorded infection. not an unmasked face to be found. 1096 total infections/ 4 total deaths this is why. #covid19   
1273863051486179330,https://twitter.com/eggplAnthony/status/1273863051486179330,rt to educate karen #WearAMask ,eggplAnthony,2020-06-19 06:19:53+00:00,,,#WearAMask,140,237,,pos,rt to educate karen   
1273850241700081664,https://twitter.com/ShellyMBoulder/status/1273850241700081664,They were wearing masks and had COVID. None of their clients got sick #WearAMask ,ShellyMBoulder,2020-06-19 05:28:59+00:00,,,#WearAMask,51,132,,pos,they were wearing masks and had covid. none of their clients got sick   
1273846367580901377,https://twitter.com/KatrinaFoley/status/1273846367580901377,“Nobody wants to have to arrest people for not wearing a facial covering. We just want people to care about others so people don’t die” [Mayor Foley] said. #WearAMask ,KatrinaFoley,2020-06-19 05:13:35+00:00,nypost,,#WearAMask,4,24,,pos,“nobody wants to have to arrest people for not wearing a facial covering. we just want people to care about others so people don’t die” [mayor foley] said.   
1273843569069969408,https://twitter.com/lotsofuss/status/1273843569069969408,I’m dissappointed in my California neighbors who say bad things about @GavinNewsom because he is on top of this covid thing. I watch the relevant USA State and local county and city numbers daily and we are definitely spiking and the blame is on the people in denial. #WearAMask ,lotsofuss,2020-06-19 05:02:28+00:00,GavinNewsom,@GavinNewsom,#WearAMask,27,62,,pos,i’m dissappointed in my california neighbors who say bad things about @gavinnewsom because he is on top of this covid thing. i watch the relevant usa state and local county and city numbers daily and we are definitely spiking and the blame is on the people in denial.   
1273841294192701440,https://twitter.com/hiral4congress/status/1273841294192701440,This is incredibly reckless & puts entire communities at risk. Wearing a mask isn’t political. It’s *commonsense* protection during a viral pandemic that spreads via respiratory droplets & aerosolized particles. Masks protect the wearer & everyone around them. Please #WearAMask ,hiral4congress,2020-06-19 04:53:26+00:00,Variety,,#WearAMask,39,131,,pos,this is incredibly reckless & puts entire communities at risk. wearing a mask isn’t political. it’s *commonsense* protection during a viral pandemic that spreads via respiratory droplets & aerosolized particles. masks protect the wearer & everyone around them. please   
1273821948645126145,https://twitter.com/morethanmySLE/status/1273821948645126145,I wore a pink mask today in honor of my dear friend Carol who passed away on this day in 2002 from Breast Cancer. She would want you to know that your health care is crucial & to #WearAMask to protect others. Much to the survivors &amp; warriors out there! #BreastCancerAwareness,morethanmySLE,2020-06-19 03:36:33+00:00,,,#WearAMask #BreastCancerAwareness,40,210,,pos,i wore a pink mask today in honor of my dear friend carol who passed away on this day in 2002 from breast cancer. she would want you to know that your health care is crucial & to   to protect others. much to the survivors &amp; warriors out there! #breastcancerawareness
1273813798500130816,https://twitter.com/canineasylum/status/1273813798500130816,I wear a mask because the guy at the gas station wearing a flag print shirt and a backwards MAGA hat doesn’t #WearAMask ,canineasylum,2020-06-19 03:04:10+00:00,RepGalonski,,#WearAMask,18,55,,pos,i wear a mask because the guy at the gas station wearing a flag print shirt and a backwards maga hat doesn’t   
1273811697782882304,https://twitter.com/WaldrepDenise/status/1273811697782882304,R-E-S-P-E-C-T #WearAMask ,WaldrepDenise,2020-06-19 02:55:49+00:00,,,#WearAMask,20,32,,pos,r-e-s-p-e-c-t   
1273806258986905601,https://twitter.com/LABugLady/status/1273806258986905601,i'm with @Schwarzenegger on this one. and i'm NOT going to the movies anytime soon! #WearAMask,LABugLady,2020-06-19 02:34:12+00:00,funder,@Schwarzenegger,#WearAMask,104,1542,,pos,i'm with @schwarzenegger on this one. and i'm not going to the movies anytime soon!  
1273805454028742661,https://twitter.com/MikeGerholdt/status/1273805454028742661,I wear a mask in public because I know it’s not about me. It’s about my mom. And your mom. And your loved ones. #WearAMask Be the example. Lead with peace not paranoia. #WeAreAllInThisTogether (Photo: 2016),MikeGerholdt,2020-06-19 02:31:01+00:00,,,#WearAMask #WeAreAllInThisTogether,9,96,,pos,i wear a mask in public because i know it’s not about me. it’s about my mom. and your mom. and your loved ones.   be the example. lead with peace not paranoia. #weareallinthistogether (photo: 2016)
1273803320688336896,https://twitter.com/firedup79/status/1273803320688336896,I'm watching a documentary about Jim Jones and he's gearing up to lead his followers to their death and all I can think of is Trump's #TulsaRally #WearAMask,firedup79,2020-06-19 02:22:32+00:00,,,#TulsaRally #WearAMask,14,45,,pos,i'm watching a documentary about jim jones and he's gearing up to lead his followers to their death and all i can think of is trump's #tulsarally  
1273795744386834432,https://twitter.com/darklongbox/status/1273795744386834432,Dammit Lamont. Cover your nose when you wear a goddamn mask #comics #WearAMask #StayHome #staysafe,darklongbox,2020-06-19 01:52:26+00:00,,,#comics #WearAMask #StayHome #StayHome #staysafe,16,98,,pos,dammit lamont. cover your nose when you wear a goddamn mask #comics   #stayhome #staysafe
1273792698089119745,https://twitter.com/cassandra17lina/status/1273792698089119745,If your business doesn’t require staff to #WearAMask and welcomes folks who refuse to wear a #mask I won’t set foot inside now or when restrictions are lifted. Go ahead and glare at me for wearing a mask. See if reckless #COVIDIOTS can turn the economy around all by themselves.,cassandra17lina,2020-06-19 01:40:19+00:00,,,#WearAMask #mask #COVIDIOTS,167,993,,pos,if your business doesn’t require staff to   and welcomes folks who refuse to wear a #mask i won’t set foot inside now or when restrictions are lifted. go ahead and glare at me for wearing a mask. see if reckless #covidiots can turn the economy around all by themselves.
1273789972500197377,https://twitter.com/SBalaghi/status/1273789972500197377,When I was a teenager folks smoked on airplanes and in restaurants. No one wore seat belts. Most friends drank heavily at parties and drove home. All that changed to save lives. Wearing masks can save lives. #WearAMask,SBalaghi,2020-06-19 01:29:29+00:00,,,#WearAMask,18,84,,pos,when i was a teenager folks smoked on airplanes and in restaurants. no one wore seat belts. most friends drank heavily at parties and drove home. all that changed to save lives. wearing masks can save lives.  
1273788007124840449,https://twitter.com/DrJaimeFriedman/status/1273788007124840449,We are an embarrassment. The number of politicians ignoring public safety and public health measures is gross. It’s because of pressure from science deniers and it’s killing Americans. #WearAMask ,DrJaimeFriedman,2020-06-19 01:21:41+00:00,CNN,,#WearAMask,8,65,,pos,we are an embarrassment. the number of politicians ignoring public safety and public health measures is gross. it’s because of pressure from science deniers and it’s killing americans.   
1273786478389334017,https://twitter.com/SleepingSun16/status/1273786478389334017,"Never in my wildest dreams could I ever imagine another GOP governor ""out-stupiding"" Rick Perry. Congratulations @GovAbbott --you did it! You even manage to outdo yourself weekly--like your Dear Leader. #TexasDeservesBetter #COVID19tx #WearAMask",SleepingSun16,2020-06-19 01:15:36+00:00,,@GovAbbott,#TexasDeservesBetter #COVID19tx #WearAMask,83,374,,pos,"never in my wildest dreams could i ever imagine another gop governor ""out-stupiding"" rick perry. congratulations @govabbott --you did it! you even manage to outdo yourself weekly--like your dear leader. #texasdeservesbetter #covid19tx  "
1273785684105605125,https://twitter.com/StephenNP/status/1273785684105605125,I'm retweeting this again. Hopefully it will help some still wearing masks incorrectly -- it needs to cover your mouth AND nose. #WearAMask ,StephenNP,2020-06-19 01:12:27+00:00,StephenNP,,#WearAMask,7,25,,pos,i'm retweeting this again. hopefully it will help some still wearing masks incorrectly -- it needs to cover your mouth and nose.   
1273785171490172928,https://twitter.com/Kris_Sacrebleu/status/1273785171490172928,So RW world has their own idea of what makes a man “MACHO” or masculine — like Vin Diesel or John Wayne I dunno because my definition of strength in masculinity is entirely different but we need a #WearAMask Campaign w #Maga ‘s idea of “MACHO” tough guys wearing masks,Kris_Sacrebleu,2020-06-19 01:10:25+00:00,,,#WearAMask #Maga,12,117,,pos,so rw world has their own idea of what makes a man “macho” or masculine — like vin diesel or john wayne i dunno because my definition of strength in masculinity is entirely different but we need a   campaign w #maga ‘s idea of “macho” tough guys wearing masks
1273784487588085762,https://twitter.com/greenhousemd/status/1273784487588085762,For the past 5 days I have not made it to 7am without getting at least 2 calls/texts from parents concerned about #COVID19 exposure or illness. And I have not been on call this week. #BeAfraidSC #WearAMask #Tweetiatrician,greenhousemd,2020-06-19 01:07:42+00:00,,,#COVID19 #BeAfraidSC #WearAMask #Tweetiatrician,8,27,,pos,for the past 5 days i have not made it to 7am without getting at least 2 calls/texts from parents concerned about #covid19 exposure or illness. and i have not been on call this week. #beafraidsc   #tweetiatrician
1273776306879115264,https://twitter.com/Rogers4Texas/status/1273776306879115264,I've received innoculations from Army nurses. I can wear a mask. #WearAMask,Rogers4Texas,2020-06-19 00:35:11+00:00,,,#WearAMask,7,85,,pos,i've received innoculations from army nurses. i can wear a mask.  
1273774397141037056,https://twitter.com/RevChuckCurrie/status/1273774397141037056,Don't go to AMC. Because you will get sick. #WearAMask ,RevChuckCurrie,2020-06-19 00:27:36+00:00,Variety,,#WearAMask,11,27,,pos,don't go to amc. because you will get sick.   
1273774015841173504,https://twitter.com/ChloeYMiller/status/1273774015841173504,97 days and counting of mask wearing! #WearAMask ,ChloeYMiller,2020-06-19 00:26:05+00:00,,,#WearAMask,0,11,,pos,97 days and counting of mask wearing!   
1273773628363071489,https://twitter.com/firedup79/status/1273773628363071489, Let's go get #coronavirus Let's go get #coronavirus Let's go get #coronavirus at @AMCTheatres #WearAMask ,firedup79,2020-06-19 00:24:33+00:00,Variety,@AMCTheatres,#coronavirus #coronavirus #coronavirus #WearAMask,3,8,,pos, let's go get #coronavirus let's go get #coronavirus let's go get #coronavirus at @amctheatres   
1273773506229153792,https://twitter.com/aimeep_11/status/1273773506229153792,Mulan-we we’re counting down the days + movie theater popcorn and now... 2020 the year of disappointments #WearAMask ,aimeep_11,2020-06-19 00:24:04+00:00,Variety,,#WearAMask,2,1,,pos,mulan-we we’re counting down the days + movie theater popcorn and now... 2020 the year of disappointments   
1273773050232811521,https://twitter.com/firedup79/status/1273773050232811521,@AMCTheatres will gouge you with the ticket price and then expect you to risk your life. Hard pass. #WearAMask ,firedup79,2020-06-19 00:22:15+00:00,Variety,@AMCTheatres,#WearAMask,101,511,,pos,@amctheatres will gouge you with the ticket price and then expect you to risk your life. hard pass.   
1273772431711383552,https://twitter.com/beachydreamer/status/1273772431711383552,Wow...dick. #WearAMask #inners #msnbc,beachydreamer,2020-06-19 00:19:47+00:00,kylegriffin1,,#WearAMask #inners #msnbc,2,3,,pos,wow...dick.   #inners #msnbc
1273772099413225473,https://twitter.com/Angel2daMax/status/1273772099413225473,I'm really disappointed by this. I will cancel my membership as well. #WearAMask ,Angel2daMax,2020-06-19 00:18:28+00:00,SymoneDSanders,,#WearAMask,3,5,,pos,i'm really disappointed by this. i will cancel my membership as well.   
1273771558125711360,https://twitter.com/pupster76/status/1273771558125711360,And the mask haters screaming for their civil rights are crawling out of the woodwork. I had a brain tumor that started in my ear removed at 14. Wearing a mask is a cakewalk. #WearAMask,pupster76,2020-06-19 00:16:19+00:00,,,#WearAMask,1,12,,pos,and the mask haters screaming for their civil rights are crawling out of the woodwork. i had a brain tumor that started in my ear removed at 14. wearing a mask is a cakewalk.  
1273771485350551552,https://twitter.com/AecNewsToday/status/1273771485350551552,Myanmar morning news for June 19 via @aecnewstoday #Independent #Asean #journalism based in #Cambodia #WearAMask #WashYourHands https://aecnewstoday.com/2020/myanmar-morning-news-for-june-19-4,AecNewsToday,2020-06-19 00:16:02+00:00,,@AecNewsToday,#Independent #Asean #journalism #Cambodia #WearAMask #WashYourHands #WashYourHands,5,1,,pos,myanmar morning news for june 19 via @aecnewstoday #independent #asean #journalism based in #cambodia   #washyourhands https://aecnewstoday.com/2020/myanmar-morning-news-for-june-19-4
1273771404958277632,https://twitter.com/BklynDH/status/1273771404958277632,The fact that you don’t require movie goers to #WearAMask shows you don’t care for them or your workers. Everyone should be required to wear a mask.,BklynDH,2020-06-19 00:15:43+00:00,AMCTheatres,,#WearAMask,1,30,,pos,the fact that you don’t require movie goers to   shows you don’t care for them or your workers. everyone should be required to wear a mask.
1273771159725715456,https://twitter.com/NGS_Tonto/status/1273771159725715456,Real NGS GraySkulls wear masks! #ToProtectYoungAndOldAlike #WearAMask ,NGS_Tonto,2020-06-19 00:14:44+00:00,,,#ToProtectYoungAndOldAlike #WearAMask,0,10,,pos,real ngs grayskulls wear masks! #toprotectyoungandoldalike   
1273770909871099906,https://twitter.com/KrisKling/status/1273770909871099906,So...if he truly believes all lives matter...then why isn’t he wearing a mask? #blacklivesmatter #wearamask ,KrisKling,2020-06-19 00:13:45+00:00,RexChapman,,#blacklivesmatter #blacklivesmatter #wearamask,5,68,,pos,so...if he truly believes all lives matter...then why isn’t he wearing a mask? #blacklivesmatter   
1273770593075310592,https://twitter.com/James_A_Chavez/status/1273770593075310592,This is unbelievable!! Actually it’s not. People still thinking it’s all overblown. Just chatted with a close friend who felt the same until they tested positive for COVID-19. #WearAMask #WashYourHands,James_A_Chavez,2020-06-19 00:12:29+00:00,scdhec,,#WearAMask #WashYourHands #WashYourHands,2,14,,pos,this is unbelievable!! actually it’s not. people still thinking it’s all overblown. just chatted with a close friend who felt the same until they tested positive for covid-19.   #washyourhands
1273770584510312448,https://twitter.com/AnnieMPeterson/status/1273770584510312448,Oh No. #WearAMask ,AnnieMPeterson,2020-06-19 00:12:27+00:00,Variety,,#WearAMask,1,7,,pos,oh no.   
1273769755493703680,https://twitter.com/jshbooks/status/1273769755493703680,Wearing masks is NOT political Adam. And you know it. It’s a public health issue. Guess I’ll be taking my business elsewhere in the future. #WearAMask #SaveLives,jshbooks,2020-06-19 00:09:09+00:00,Variety,,#WearAMask #SaveLives,0,2,,pos,wearing masks is not political adam. and you know it. it’s a public health issue. guess i’ll be taking my business elsewhere in the future.   #savelives
1273769265980747783,https://twitter.com/Diiimeco/status/1273769265980747783,What I love most about #cookbooks is when you are done with them they are #brandnew to someone else. Delivering cookbooks to any of my students that would like one! #WearAMask #readabook #share #AloneTogether #cooptech #wearefamily #Brooklyn ,Diiimeco,2020-06-19 00:07:13+00:00,,,#cookbooks #brandnew #WearAMask #readabook #share #AloneTogether #cooptech #wearefamily #Brooklyn,2,2,,pos,what i love most about #cookbooks is when you are done with them they are #brandnew to someone else. delivering cookbooks to any of my students that would like one!   #readabook #share #alonetogether #cooptech #wearefamily #brooklyn 
1273768918688169991,https://twitter.com/CofC_Coach_T/status/1273768918688169991,We need to do our part to stop the spread of this virus! Wear a mask and practice social distancing. #WearAMask #SocialDistanacing #StopCovid,CofC_Coach_T,2020-06-19 00:05:50+00:00,scdhec,,#WearAMask #SocialDistanacing #StopCovid,0,2,,pos,we need to do our part to stop the spread of this virus! wear a mask and practice social distancing.   #socialdistanacing #stopcovid
1273768662835449856,https://twitter.com/dopey4grumpy/status/1273768662835449856,It's only a political issue if you're wearing a political mask. This is a health issue. My husband and his fellow hospital #HealthcareHeroes would prefer not to care for you. Show respect for yourself and others and #WearAMask #Covid_19 is still dangerous and contagious,dopey4grumpy,2020-06-19 00:04:49+00:00,KatyTurNBC,,#HealthcareHeroes #WearAMask #Covid_19,15,70,,pos,it's only a political issue if you're wearing a political mask. this is a health issue. my husband and his fellow hospital #healthcareheroes would prefer not to care for you. show respect for yourself and others and   #covid_19 is still dangerous and contagious
1273767549927333889,https://twitter.com/tuttlejebetsy/status/1273767549927333889,Ugh . Stay home  wear a mask  wash your hands and social distance. This virus is not a hoax - neither is death or a loss of a loved one #WearAMask ,tuttlejebetsy,2020-06-19 00:00:24+00:00,,,#WearAMask,6,8,,pos,ugh . stay home  wear a mask  wash your hands and social distance. this virus is not a hoax - neither is death or a loss of a loved one   
